PC,term,estimate,std.error,statistic,p.value
PC1,(Intercept),199.74654408660365,12.16956527578725,16.413613761867268,3.5471962302675686e-27
PC1,time,-0.010589201385185432,6.61185429154533e-4,-16.015479044548805,1.5851166121011787e-26
PC1,POST,-0.009338597326211904,0.0024280143143063514,-3.846187096668664,2.4169148959992233e-4
PC2,(Intercept),-130.91044208968174,22.286359867718087,-5.874016343032593,9.596515397335632e-8
PC2,time,0.007167990247877115,0.0012108416430246156,5.919841202332512,7.914974418293361e-8
PC2,ONSET,-4.460925422724017,2.2097161422077165,-2.018777587544402,0.0469032448957219
PC2,POST,-0.021427626132849924,0.004446469495526136,-4.819020158444708,6.85497589797401e-6
PC3,(Intercept),93.72570557591663,18.592223730511176,5.041124016924668,2.875666975630548e-6
PC3,time,-0.005135949134737175,0.0010101352963407227,-5.0844170611030695,2.4227275221245064e-6
PC3,ONSET,4.652053586547924,1.8434386387324582,2.523573873739925,0.013622967591997357
PC3,POST,0.012028086378025141,0.0037094328621814403,3.242567482661399,0.0017362051888589589
PC4,ONSET,5.831013937593065,1.5857488487282643,3.6771358480060763,4.285043541653801e-4
PC4,POST,-0.014749750652759014,0.003190900292012762,-4.622441725828775,1.4558539964613277e-5
PC6,POST,-0.007471575618149568,0.0029301565793062407,-2.549889542052588,0.012709927155059683
PC7,(Intercept),29.278030049952736,12.396774012322062,2.361745888152124,0.020651981573786966
PC7,time,-0.0016084264591335318,6.735299215475621e-4,-2.3880549440741525,0.019325350611413918
PC7,ONSET,4.187780886950026,1.2291532492934656,3.4070453699383876,0.0010355524960505582
PC15,ONSET,-3.0600095872898905,0.8858482766264713,-3.454326963239305,8.899842857834017e-4
PC15,POST,0.005417960307101242,0.0017825354417462284,3.0394684897786024,0.003213121747363068
