PC,term,estimate,std.error,statistic,p.value
similarity,(Intercept),0.10523771112805841,0.0033753034079384995,31.178741111257136,6.586387467103925e-66
similarity,time,1.5833957704802752e-6,1.9350515592880306e-7,8.182705845124142,1.3341601052361878e-13
similarity,ONSET,-0.0033091779085603484,9.927126413229509e-4,-3.333470100824274,0.0010904824779463347
similarity,POST,-5.288878967343603e-6,2.12034880579607e-6,-2.494343832904384,0.013749284352998676
