PC,term,estimate,std.error,statistic,p.value
PC1,ONSET,8.351553050663295,1.6234069501370667,5.144460574077351,1.9081270691122774e-6
PC1,POST,0.022296086705901674,0.003266677264437092,6.8253105222941866,1.6094409215599178e-9
PC2,(Intercept),177.16661193186647,15.204134377161273,11.652528683118941,7.774334774905456e-19
PC2,time,-0.009586115810070753,8.260567970400445e-4,-11.604669127377267,9.559396268357432e-19
PC2,ONSET,7.5851479435930145,1.507505997431806,5.03158724178551,2.9860494254364167e-6
PC3,(Intercept),-45.876725121969365,14.330166401600792,-3.2014090999560603,0.001970894130326975
PC3,time,0.0024851712588883678,7.785731870759332e-4,3.1919558753646013,0.002028835738059851
PC3,ONSET,3.338807063425218,1.4208511486888322,2.3498640702133256,0.02127720607471806
PC3,POST,-0.016366812866120663,0.002859087269017327,-5.724488735786636,1.792810686125678e-7
PC7,(Intercept),24.341948584669645,11.805219941451467,2.0619648515990945,0.04249895376027556
PC7,time,-0.0013250426914627731,6.413901594974848e-4,-2.065891831737667,0.04211675050025743
PC7,POST,0.007748764355733317,0.002355321850190308,3.2898961792025254,0.0014987734288775898
PC9,ONSET,2.366334331376624,1.1734219916135096,2.0166098371164876,0.04713427203654564
PC10,ONSET,-2.540145059016968,1.1610885744136203,-2.187727202724225,0.031645530156087
PC38,ONSET,1.740367322287117,0.7023664504476969,2.4778622628939435,0.015350183444479172
