PC,term,estimate,std.error,statistic,p.value
similarity,(Intercept),8.376131468658212e-4,9.11628282268701e-5,9.18809961425633,4.039179340306058e-16
similarity,ONSET,-7.26546315860135e-5,2.6811957641117523e-5,-2.7097846624445605,0.007550412291140734
similarity,POST,-1.1520314742664243e-7,5.7268035077739686e-8,-2.011648335240724,0.0461226335171868
