PC,term,estimate,std.error,statistic,p.value
similarity,(Intercept),0.009684900458231402,8.174084746756352e-4,11.8482995445754,4.9365720446009804e-23
similarity,time,4.224201485186847e-7,4.686178847733262e-8,9.014170441297015,1.1163395942065426e-15
similarity,ONSET,-9.305387087424606e-4,2.4040852861598498e-4,-3.8706559792179864,1.6404130367438522e-4
similarity,POST,-2.2843497954227476e-6,5.13491936472945e-7,-4.4486575799289225,1.7169261155021285e-5
