PC,term,estimate,std.error,statistic,p.value
similarity,time,5.668135646426842e-7,1.4606565961533115e-7,3.880539519935123,1.4065397457526472e-4
