PC,term,estimate,std.error,statistic,p.value
similarity,time,2.341287402130546e-7,1.1740703226524495e-7,1.9941628341657847,0.047465904791920595
